Id,Area,Bedrooms,Bathrooms,Stories,Parking,Location,Furnishing,Age,Price
1001,3974,4,1,1,1,Urban,Semi-Furnished,16,666000.0
1002,4307,3,1,3,1,Suburbs,Semi-Furnished,4,650000.0
1003,1660,2,1,2,2,Urban,Furnished,6,327000.0
1004,2094,2,1,1,0,Suburbs,Unfurnished,22,282000.0
1005,1930,3,2,2,2,Urban,Unfurnished,26,457000.0
1006,1895,2,1,2,2,Downtown,Semi-Furnished,3,404000.0
1007,3892,3,3,2,1,Rural,Semi-Furnished,14,549000.0
1008,2438,4,1,4,3,Urban,Furnished,11,548000.0
1009,2969,3,1,1,3,Downtown,Semi-Furnished,18,656000.0
1010,1266,2,1,2,0,Suburbs,Furnished,12,257000.0
1011,2038,3,1,1,1,Rural,Unfurnished,23,263000.0
1012,1130,4,3,3,3,Suburbs,Furnished,12,350000.0
1013,2282,2,2,2,2,Downtown,Semi-Furnished,13,539000.0
1014,2935,3,2,1,0,Suburbs,Unfurnished,25,471000.0
1015,4244,1,2,1,2,Suburbs,Semi-Furnished,19,607000.0
1016,3971,3,1,1,2,Urban,Furnished,8,655000.0
1017,3719,3,2,1,2,Suburbs,Furnished,29,541000.0
1018,930,2,1,1,2,Suburbs,Furnished,32,160000.0
1019,2485,3,2,2,2,Downtown,Semi-Furnished,18,624000.0
1020,4180,3,1,2,0,Suburbs,Furnished,6,599000.0
1021,1569,3,1,2,0,Suburbs,Semi-Furnished,18,239000.0
1022,3191,2,1,3,1,Downtown,Unfurnished,19,666000.0
1023,2315,2,1,2,2,Rural,Furnished,22,328000.0
1024,4285,2,1,2,1,Suburbs,Unfurnished,32,608000.0
1025,3653,2,1,2,1,Suburbs,Unfurnished,3,533000.0
1026,3233,3,3,1,1,Urban,Furnished,28,555000.0
1027,2015,3,1,1,1,Suburbs,Unfurnished,10,344000.0
1028,1755,2,1,1,2,Urban,Semi-Furnished,29,325000.0
1029,3124,2,2,1,2,Suburbs,Unfurnished,15,469000.0
1030,1984,2,2,1,1,Downtown,Semi-Furnished,33,459000.0
1031,1259,3,1,1,1,Suburbs,Semi-Furnished,7,307000.0
1032,4185,3,1,3,1,Suburbs,Semi-Furnished,12,631000.0
1033,821,2,2,2,1,Urban,Unfurnished,30,235000.0
1034,3100,5,1,1,1,Downtown,Semi-Furnished,21,636000.0
1035,1547,2,3,1,1,Downtown,Semi-Furnished,31,454000.0
1036,3704,5,3,1,1,Downtown,Unfurnished,24,826000.0
1037,4432,3,1,2,0,Downtown,Furnished,20,828000.0
1038,1274,1,1,2,0,Urban,Furnished,4,276000.0
1039,1882,3,3,3,1,Downtown,Furnished,28,529000.0
1040,3358,3,2,1,1,Suburbs,Semi-Furnished,20,525000.0
1041,2847,3,2,3,1,Suburbs,Furnished,24,506000.0
1042,4347,3,2,4,2,Suburbs,Unfurnished,32,674000.0
1043,3547,3,2,1,1,Urban,Furnished,34,599000.0
1044,1775,3,3,2,0,Suburbs,Semi-Furnished,2,391000.0
1045,2606,3,3,2,2,Urban,Furnished,15,567000.0
1046,989,2,2,2,1,Suburbs,Unfurnished,34,183000.0
1047,3805,3,2,2,2,Suburbs,Unfurnished,6,639000.0
1048,3534,2,2,2,1,Rural,Semi-Furnished,12,432000.0
1049,3805,4,2,2,3,Downtown,Unfurnished,3,851000.0
1050,1362,3,2,3,2,Downtown,Furnished,18,448000.0
1051,2699,5,1,3,2,Urban,Unfurnished,21,567000.0
1052,4438,3,2,2,2,Downtown,Furnished,15,888000.0
1053,2067,4,2,4,0,Urban,Unfurnished,33,470000.0
1054,3679,4,2,2,0,Suburbs,Furnished,26,556000.0
1055,2328,2,2,2,2,Rural,Semi-Furnished,8,369000.0
1056,4002,3,2,2,1,Urban,Unfurnished,30,663000.0
1057,4356,3,1,1,2,Suburbs,Furnished,23,627000.0
1058,1446,4,1,2,0,Rural,Furnished,14,218000.0
1059,2868,3,1,2,1,Suburbs,Furnished,14,511000.0
1060,3688,2,1,2,1,Rural,Semi-Furnished,2,418000.0
1061,3014,3,1,3,1,Downtown,Semi-Furnished,5,684000.0
1062,2097,4,2,1,1,Suburbs,Furnished,14,374000.0
1063,3235,3,1,2,1,Downtown,Semi-Furnished,25,644000.0
1064,1400,2,2,2,1,Suburbs,Furnished,20,293000.0
1065,3163,4,1,2,1,Downtown,Unfurnished,2,744000.0
1066,2861,3,2,2,1,Urban,Furnished,6,609000.0
1067,1041,3,1,3,2,Urban,Furnished,17,244000.0
1068,2841,4,1,2,0,Rural,Furnished,25,362000.0
1069,3624,3,1,1,1,Downtown,Semi-Furnished,28,750000.0
1070,4217,3,2,1,1,Suburbs,Unfurnished,2,605000.0
1071,3412,2,1,2,2,Suburbs,Semi-Furnished,5,532000.0
1072,3745,3,3,1,1,Suburbs,Furnished,1,616000.0
1073,2163,3,1,1,2,Suburbs,Unfurnished,12,382000.0
1074,2939,2,1,2,3,Suburbs,Unfurnished,23,435000.0
1075,2190,2,3,1,1,Urban,Furnished,31,394000.0
1076,3803,5,2,2,0,Suburbs,Unfurnished,11,570000.0
1077,2278,3,1,2,1,Suburbs,Unfurnished,10,414000.0
1078,4299,2,2,2,1,Downtown,Furnished,3,915000.0
1079,3356,5,2,2,1,Downtown,Unfurnished,14,778000.0
1080,1575,5,2,2,2,Downtown,Semi-Furnished,16,469000.0
1081,834,3,1,1,0,Rural,Semi-Furnished,10,126000.0
1082,3053,4,1,2,0,Downtown,Furnished,29,649000.0
1083,3952,2,2,2,1,Downtown,Furnished,10,773000.0
1084,2755,2,2,3,2,Suburbs,Unfurnished,12,454000.0
1085,2385,3,2,2,1,Urban,Unfurnished,30,447000.0
1086,4259,4,1,4,0,Rural,Semi-Furnished,1,528000.0
1087,3873,4,2,2,2,Urban,Semi-Furnished,5,708000.0
1088,1821,3,2,1,2,Suburbs,Semi-Furnished,20,346000.0
1089,4261,4,1,3,0,Suburbs,Semi-Furnished,8,631000.0
1090,3413,4,1,1,1,Downtown,Semi-Furnished,12,737000.0
1091,1929,4,2,1,2,Rural,Furnished,1,338000.0
1092,2300,4,1,1,1,Urban,Unfurnished,20,446000.0
1093,1502,3,1,2,0,Suburbs,Semi-Furnished,28,278000.0
1094,3249,3,1,2,0,Urban,Unfurnished,12,631000.0
1095,3577,3,1,1,0,Urban,Furnished,28,548000.0
1096,2379,4,1,3,2,Suburbs,Furnished,15,398000.0
1097,961,5,3,1,2,Rural,Furnished,6,265000.0
1098,1001,2,2,1,0,Rural,Semi-Furnished,20,212000.0
1099,2781,3,1,1,0,Suburbs,Unfurnished,14,420000.0
1100,1795,3,3,1,0,Suburbs,Furnished,2,416000.0
1101,3117,3,2,2,0,Downtown,Unfurnished,9,689000.0
1102,1615,5,1,2,2,Suburbs,Semi-Furnished,20,319000.0
1103,4142,2,1,2,1,Downtown,Unfurnished,26,748000.0
1104,1255,1,1,1,1,Suburbs,Furnished,29,220000.0
1105,4333,3,1,1,0,Rural,Unfurnished,1,485000.0
1106,2075,2,2,1,1,Suburbs,Unfurnished,6,372000.0
1107,1816,3,2,3,1,Suburbs,Furnished,5,415000.0
1108,3143,3,1,1,2,Suburbs,Furnished,33,456000.0
1109,3567,3,3,2,0,Downtown,Unfurnished,14,829000.0
1110,1137,3,2,4,2,Urban,Unfurnished,12,314000.0
1111,1678,3,1,2,1,Downtown,Furnished,20,394000.0
1112,1876,3,3,3,0,Downtown,Semi-Furnished,24,461000.0
1113,1591,3,3,1,1,Suburbs,Unfurnished,34,320000.0
1114,3064,2,3,2,2,Urban,Unfurnished,25,607000.0
1115,1563,3,1,2,3,Urban,Unfurnished,29,343000.0
1116,3035,5,2,2,1,Downtown,Unfurnished,31,730000.0
1117,1179,3,2,1,1,Suburbs,Semi-Furnished,23,238000.0
1118,1292,4,2,1,2,Suburbs,Semi-Furnished,20,303000.0
1119,3912,3,3,1,1,Suburbs,Semi-Furnished,23,597000.0
1120,1980,3,2,2,0,Suburbs,Semi-Furnished,16,372000.0
1121,2862,3,2,3,2,Suburbs,Semi-Furnished,8,517000.0
1122,864,3,2,2,0,Suburbs,Furnished,21,238000.0
1123,3368,4,2,1,1,Suburbs,Unfurnished,1,534000.0
1124,2167,2,1,3,0,Urban,Semi-Furnished,8,395000.0
1125,1952,3,1,1,0,Suburbs,Semi-Furnished,29,292000.0
1126,2827,3,1,1,1,Suburbs,Semi-Furnished,32,413000.0
1127,3495,4,3,1,2,Suburbs,Semi-Furnished,5,607000.0
1128,2295,1,1,2,1,Suburbs,Furnished,22,365000.0
1129,3934,5,2,1,0,Urban,Furnished,34,661000.0
1130,1962,3,1,2,0,Suburbs,Furnished,1,314000.0
1131,2322,2,2,3,1,Suburbs,Furnished,26,449000.0
1132,3440,4,2,1,3,Urban,Semi-Furnished,10,628000.0
1133,1191,3,3,2,1,Suburbs,Semi-Furnished,30,306000.0
1134,2498,5,1,1,1,Suburbs,Furnished,18,427000.0
1135,1218,3,3,1,2,Urban,Unfurnished,17,354000.0
1136,3136,3,2,2,1,Suburbs,Furnished,26,498000.0
1137,1178,3,1,1,0,Suburbs,Unfurnished,8,232000.0
1138,2596,5,2,2,1,Rural,Unfurnished,12,393000.0
1139,4361,2,1,2,1,Downtown,Furnished,27,800000.0
1140,3078,3,1,2,1,Downtown,Semi-Furnished,8,698000.0
1141,3865,2,2,2,1,Suburbs,Furnished,25,586000.0
1142,2888,2,1,2,2,Rural,Semi-Furnished,4,382000.0
1143,3899,3,1,2,1,Downtown,Semi-Furnished,33,734000.0
1144,2982,3,1,2,1,Downtown,Furnished,1,646000.0
1145,1000,3,1,1,1,Downtown,Semi-Furnished,19,250000.0
1146,2663,4,1,1,1,Downtown,Furnished,31,549000.0
1147,1579,4,2,3,2,Downtown,Furnished,16,446000.0
1148,3777,2,2,2,1,Suburbs,Semi-Furnished,14,607000.0
1149,3904,2,2,1,1,Suburbs,Semi-Furnished,5,592000.0
1150,3919,3,2,2,2,Downtown,Semi-Furnished,26,816000.0
1151,1302,3,2,1,1,Suburbs,Semi-Furnished,28,260000.0
1152,3254,2,2,3,1,Downtown,Unfurnished,2,730000.0
1153,4445,2,1,1,1,Suburbs,Furnished,6,691000.0
1154,2551,3,1,1,1,Suburbs,Semi-Furnished,9,406000.0
1155,1604,4,1,1,2,Urban,Semi-Furnished,33,319000.0
1156,2946,2,1,2,0,Downtown,Semi-Furnished,25,596000.0
1157,3531,3,2,3,1,Suburbs,Unfurnished,13,508000.0
1158,2695,3,1,1,0,Downtown,Semi-Furnished,9,573000.0
1159,3573,2,2,3,2,Urban,Semi-Furnished,13,644000.0
1160,2370,3,3,1,1,Urban,Unfurnished,31,449000.0
1161,1760,2,2,3,2,Suburbs,Unfurnished,11,367000.0
1162,3460,3,1,1,1,Downtown,Unfurnished,4,715000.0
1163,2285,2,1,1,2,Rural,Semi-Furnished,34,239000.0
1164,3490,1,3,2,3,Downtown,Semi-Furnished,4,758000.0
1165,1828,3,3,4,2,Downtown,Furnished,19,446000.0
1166,4089,2,1,3,2,Suburbs,Furnished,6,622000.0
1167,1302,2,2,2,1,Downtown,Semi-Furnished,34,352000.0
1168,3614,3,1,3,1,Rural,Furnished,18,424000.0
1169,1197,2,1,1,1,Urban,Semi-Furnished,13,281000.0
1170,1670,4,1,4,0,Downtown,Furnished,23,399000.0
1171,3642,1,1,2,1,Suburbs,Semi-Furnished,19,488000.0
1172,1192,3,3,2,1,Rural,Unfurnished,11,255000.0
1173,1006,3,2,3,1,Urban,Unfurnished,1,305000.0
1174,1838,3,1,2,1,Suburbs,Furnished,24,318000.0
1175,2681,3,2,2,2,Rural,Semi-Furnished,7,368000.0
1176,4425,2,3,2,1,Rural,Unfurnished,25,523000.0
1177,3739,5,3,3,2,Urban,Furnished,21,736000.0
1178,2284,4,1,1,2,Downtown,Unfurnished,15,512000.0
1179,4446,4,1,4,3,Suburbs,Semi-Furnished,1,719000.0
1180,1663,2,1,2,1,Urban,Semi-Furnished,12,325000.0
1181,3590,1,1,1,2,Downtown,Unfurnished,7,700000.0
1182,4112,3,1,2,3,Urban,Furnished,15,691000.0
1183,1363,3,2,2,3,Downtown,Semi-Furnished,21,363000.0
1184,1820,3,1,2,0,Downtown,Unfurnished,19,457000.0
1185,895,4,1,2,1,Suburbs,Furnished,29,228000.0
1186,2723,2,1,1,1,Downtown,Semi-Furnished,25,617000.0
1187,2557,5,1,2,0,Rural,Unfurnished,33,313000.0
1188,3332,3,1,3,1,Urban,Furnished,32,568000.0
1189,4278,4,1,1,2,Urban,Unfurnished,26,713000.0
1190,3078,2,1,2,2,Suburbs,Semi-Furnished,11,502000.0
1191,3596,3,1,1,0,Downtown,Semi-Furnished,8,701000.0
1192,2478,3,1,2,2,Suburbs,Semi-Furnished,14,387000.0
1193,4042,2,2,2,1,Suburbs,Furnished,10,641000.0
1194,1340,2,1,2,2,Suburbs,Unfurnished,2,271000.0
1195,1859,5,1,1,2,Downtown,Unfurnished,9,527000.0
1196,3372,3,1,2,1,Suburbs,Semi-Furnished,3,548000.0
1197,1983,1,3,1,1,Suburbs,Unfurnished,21,350000.0
1198,2522,3,1,1,2,Rural,Semi-Furnished,26,314000.0
1199,4114,3,2,1,1,Urban,Semi-Furnished,8,710000.0
1200,3957,3,3,1,0,Suburbs,Semi-Furnished,2,632000.0
